Policy ID,Customer Name,Gender,Age,Policy Type,Policy Start Date,Policy End Date,Premium Amount $,Claim Amount $,Claim Status,Region,Sales Agent,Month,Year
POL 1000,Kathleen Rios,Male,38,Auto,09-Mar-2024,09-Mar-2026,944.51,7734.6,Rejected,West,Stephanie,March,2024
POL 1001,Courtney Marshall,Male,51,Home,06-Aug-2024,06-Aug-2025,3168.5,1641.17,Approved,West,Kathleen,August,2024
POL 1002,Shane Glass,Male,44,Home,07-Aug-2024,07-Aug-2026,4341.82,866.88,Not Claimed,West,Lisa,August,2024
POL 1003,Valerie Morris,Male,55,Life,31-Aug-2024,31-Aug-2026,4827.27,3145.04,Rejected,West,Kathleen,August,2024
POL 1004,Scott Harrison,Female,59,Health,02-Sep-2024,02-Sep-2025,2900.96,6000.08,Approved,East,Lisa,September,2024
POL 1005,Joshua Brown,Female,31,Home,16-Jul-2024,16-Jul-2025,3814.87,2955.42,Not Claimed,West,Charles,July,2024
POL 1006,Steven Johnson,Female,42,Health,23-May-2024,23-May-2025,2648.04,5939.3,Not Claimed,North,Kathleen,May,2024
POL 1007,Chase Lin,Female,26,Life,28-Nov-2024,28-Nov-2026,2017.44,6829.42,Pending,East,Christopher,November,2024
POL 1008,Brooke Cruz,Male,55,Health,13-Aug-2024,13-Aug-2025,1532.27,398.27,Not Claimed,South,Christopher,August,2024
POL 1009,Latoya Huang,Female,58,Home,23-Jun-2024,23-Jun-2026,2290.8,4022.77,Rejected,North,Veronica,June,2024
POL 1010,Ashley Lopez,Male,37,Health,22-Aug-2024,22-Aug-2025,4879.27,1553.77,Approved,South,Thomas,August,2024
POL 1011,Edward Brown,Male,37,Life,10-Feb-2024,09-Feb-2025,572.16,862.13,Pending,East,Lisa,February,2024
POL 1012,Mary Haas,Female,57,Home,02-Feb-2024,01-Feb-2025,1753.66,7416.94,Rejected,East,James,February,2024
POL 1013,Gerald Wright,Male,63,Travel,19-Jun-2024,19-Jun-2025,1070.01,9530.16,Approved,West,Meghan,June,2024
POL 1014,Alexandria Bishop,Female,26,Auto,21-May-2024,21-May-2025,3925.72,293.56,Pending,North,Thomas,May,2024
POL 1015,Justin Ortiz,Male,34,Home,11-May-2024,11-May-2025,2631.89,5107.82,Not Claimed,South,Jeffrey,May,2024
POL 1016,Brian Mccoy,Male,41,Travel,09-May-2024,09-May-2026,3934.65,8942.68,Not Claimed,West,Veronica,May,2024
POL 1017,Cody Gregory,Male,20,Health,20-Apr-2024,20-Apr-2025,516.11,3639.76,Rejected,West,Thomas,April,2024
POL 1018,Melissa Brandt,Male,53,Life,22-Aug-2024,22-Aug-2025,1812.47,4162.57,Approved,North,Michelle,August,2024
POL 1019,Mathew Aguilar,Male,54,Auto,24-Feb-2024,23-Feb-2025,2659.59,9019.41,Rejected,West,Sabrina,February,2024
POL 1020,Kyle Douglas,Male,43,Health,14-Sep-2024,14-Sep-2026,4370.35,7735.27,Approved,North,Emily,September,2024
POL 1021,Brooke Hurley,Male,53,Life,30-Apr-2024,30-Apr-2025,2033.92,2915.95,Approved,West,Charles,April,2024
POL 1022,Dawn Murphy,Female,41,Home,19-Feb-2024,18-Feb-2026,4989.6,7758.86,Rejected,West,Linda,February,2024
POL 1023,Maria Rodgers,Male,44,Health,23-Sep-2024,23-Sep-2025,2845.26,6359.42,Not Claimed,North,Michelle,September,2024
POL 1024,Clarence Santiago,Male,60,Life,16-Jul-2024,16-Jul-2026,788.56,5298.14,Rejected,South,James,July,2024
POL 1025,Michael White,Female,21,Travel,24-Mar-2024,24-Mar-2026,737.23,9212.74,Pending,North,Shelly,March,2024
POL 1026,Katie Lee,Female,65,Health,23-Feb-2024,22-Feb-2025,2675.51,6372.16,Pending,East,Eric,February,2024
POL 1027,Kenneth French,Male,45,Travel,16-Jul-2024,16-Jul-2025,1670.88,8509.14,Pending,North,Ashley,July,2024
POL 1028,Mary Stephenson,Female,46,Auto,15-Jan-2024,14-Jan-2025,651.03,2027.13,Not Claimed,West,Samantha,January,2024
POL 1029,Nancy Williamson,Male,28,Life,19-Aug-2024,19-Aug-2026,1775.96,1207.37,Approved,West,Eric,August,2024
POL 1030,Francis Guerra,Female,37,Life,26-Oct-2024,26-Oct-2026,4306.67,904.21,Approved,East,Meghan,October,2024
POL 1031,Raven Griffith,Male,38,Travel,17-Jan-2024,16-Jan-2025,3642.44,9684,Pending,East,Eric,January,2024
POL 1032,Erica Young,Female,34,Travel,21-Jun-2024,21-Jun-2025,4774.85,8546.01,Rejected,East,Thomas,June,2024
POL 1033,Karen Bowers,Female,24,Travel,31-Mar-2024,31-Mar-2025,356.2,8303.72,Rejected,West,Lisa,March,2024
POL 1034,Kyle Stokes,Male,43,Auto,01-Jul-2024,01-Jul-2025,3036.92,2588.21,Not Claimed,East,Kathleen,July,2024
POL 1035,James Gregory,Male,30,Life,09-Aug-2024,09-Aug-2025,732.3,8472.75,Approved,East,Thomas,August,2024
POL 1036,Steven Campbell,Male,47,Health,28-May-2024,28-May-2025,4643.42,4331.56,Pending,South,Ashley,May,2024
POL 1037,Robert Martin,Male,42,Life,18-Mar-2024,18-Mar-2025,1963.53,9083.04,Approved,North,Ashley,March,2024
POL 1038,Devon Wright,Female,27,Health,06-Sep-2024,06-Sep-2025,3342.21,4988.92,Pending,East,Kathleen,September,2024
POL 1039,Nathan Villa,Male,35,Life,03-Oct-2024,03-Oct-2025,2270.4,6426.53,Rejected,East,Meghan,October,2024
POL 1040,Melissa Mitchell,Female,63,Auto,23-Oct-2024,23-Oct-2026,2859.23,4846.79,Approved,South,Andrew,October,2024
POL 1041,Shannon Palmer,Female,29,Health,18-Nov-2024,18-Nov-2026,3106.45,293.03,Approved,East,Eric,November,2024
POL 1042,Stacey Walker,Female,51,Auto,24-Jun-2024,24-Jun-2025,4877.71,1001.34,Rejected,North,Sabrina,June,2024
POL 1043,Sarah Perry,Male,32,Home,02-Jun-2024,02-Jun-2026,1967.58,8392.22,Rejected,West,Charles,June,2024
POL 1044,Joe Vang,Male,55,Auto,25-May-2024,25-May-2026,4595.71,282.07,Approved,West,Jeffrey,May,2024
POL 1045,Lucas Garcia,Male,49,Home,04-Oct-2024,04-Oct-2026,1125.12,379.64,Not Claimed,West,Sydney,October,2024
POL 1046,Lacey Taylor,Male,19,Home,21-Apr-2024,21-Apr-2026,303.21,9178.96,Rejected,West,Samantha,April,2024
POL 1047,Thomas Guerra,Female,63,Travel,21-Oct-2024,21-Oct-2026,579.91,1477.12,Rejected,East,Laura,October,2024
POL 1048,Shane Smith,Female,22,Auto,31-Jan-2024,30-Jan-2026,3054.28,3365.61,Approved,West,Andrew,January,2024
POL 1049,Jason Hernandez,Male,64,Life,09-Oct-2024,09-Oct-2026,3351.15,1742.03,Approved,West,Ashley,October,2024
POL 1050,Rodney Parsons,Male,42,Auto,02-Apr-2024,02-Apr-2026,898.54,7288.31,Pending,East,Eric,April,2024
POL 1051,Brandon Barnes,Male,56,Auto,04-Nov-2024,04-Nov-2025,3306.34,1041.1,Pending,West,Cindy,November,2024
POL 1052,Bryan Copeland,Female,65,Health,13-Jul-2024,13-Jul-2025,1930.01,3195.19,Not Claimed,North,Wendy,July,2024
POL 1053,Allen Robertson,Female,18,Auto,03-Apr-2024,03-Apr-2025,1472.84,677.95,Approved,East,Jennifer,April,2024
POL 1054,Kelly Smith,Male,21,Life,17-May-2024,17-May-2026,3743.15,9691.02,Pending,South,John,May,2024
POL 1055,Robert Beck,Female,40,Home,03-Feb-2024,02-Feb-2026,776.71,4794.89,Rejected,West,Catherine,February,2024
POL 1056,Michael Ashley,Female,22,Health,30-Jul-2024,30-Jul-2026,394.37,2611.28,Not Claimed,East,Veronica,July,2024
POL 1057,Vanessa Spencer,Female,28,Life,31-May-2024,31-May-2025,3740.33,5470.46,Not Claimed,North,Laura,May,2024
POL 1058,Bradley Hughes,Female,63,Health,24-May-2024,24-May-2026,4729.48,1649.97,Pending,West,David,May,2024
POL 1059,Allen Kramer,Male,24,Auto,13-May-2024,13-May-2025,4879.67,4092.8,Approved,North,John,May,2024
POL 1060,Diane Garcia,Female,33,Health,13-Aug-2024,13-Aug-2025,2146.64,5496.63,Pending,West,Kyle,August,2024
POL 1061,Marvin Williams,Male,41,Health,31-Jul-2024,31-Jul-2026,711.85,8238.97,Pending,West,Linda,July,2024
POL 1062,Dawn Greer,Male,19,Travel,22-Sep-2024,22-Sep-2025,3299.5,9770.58,Pending,East,Steven,September,2024
POL 1063,Heather Welch,Female,43,Life,11-Nov-2024,11-Nov-2026,4505.92,2650.04,Pending,West,John,November,2024
POL 1064,Jennifer Acevedo,Female,42,Auto,15-Jan-2024,14-Jan-2025,2395.14,2632.96,Pending,North,Veronica,January,2024
POL 1065,Bradley Gonzalez,Male,35,Home,17-Jan-2024,16-Jan-2025,1010.31,6964.71,Not Claimed,East,Shelly,January,2024
POL 1066,Kyle Sanders,Female,52,Life,12-Nov-2024,12-Nov-2025,2901.93,8407.97,Pending,South,Amy,November,2024
POL 1067,Jon Mullins,Male,48,Auto,15-Mar-2024,15-Mar-2025,2155.58,8539.4,Not Claimed,West,Maria,March,2024
POL 1068,Michelle Williams,Male,46,Travel,11-Sep-2024,11-Sep-2025,4869.17,8084.61,Rejected,East,James,September,2024
POL 1069,David Richardson,Female,23,Life,11-Dec-2024,11-Dec-2025,4987.17,6272.26,Approved,North,Michelle,December,2024
POL 1070,Scott Huber,Male,23,Life,11-May-2024,11-May-2026,2894.65,8566.24,Pending,East,Michelle,May,2024
POL 1071,Tyler Jimenez,Female,25,Life,24-Dec-2024,24-Dec-2025,996.54,5879.34,Not Claimed,East,Laura,December,2024
POL 1072,Joseph Miller,Male,36,Home,13-Jun-2024,13-Jun-2026,4426.1,2641.37,Pending,South,Christian,June,2024
POL 1073,Carrie Short,Male,29,Auto,30-Jul-2024,30-Jul-2026,976.11,6086.55,Pending,East,James,July,2024
POL 1074,Curtis Murphy,Female,39,Travel,24-Apr-2024,24-Apr-2025,3805.02,9208.35,Approved,East,Shelly,April,2024
POL 1075,Carrie Simmons,Female,37,Auto,24-Sep-2024,24-Sep-2026,4261.38,8582.35,Not Claimed,West,Wendy,September,2024
POL 1076,Sergio Acosta,Male,37,Life,20-Dec-2024,20-Dec-2026,1566.27,4167.73,Not Claimed,West,Catherine,December,2024
POL 1077,Whitney Hill,Female,31,Life,03-Nov-2024,03-Nov-2026,3869.62,8671.89,Not Claimed,West,Catherine,November,2024
POL 1078,Charles Walsh,Male,37,Home,21-May-2024,21-May-2026,937.55,8512.95,Not Claimed,West,Laura,May,2024
POL 1079,Kara Moore,Male,30,Health,13-Jan-2024,12-Jan-2025,455.43,505.59,Approved,West,Lucas,January,2024
POL 1080,Cathy Harrington,Female,41,Life,14-Jan-2024,13-Jan-2026,3286.43,1238.73,Not Claimed,West,David,January,2024
POL 1081,Joel Brewer,Female,49,Home,20-May-2024,20-May-2026,1134.64,8704.81,Approved,North,Ashley,May,2024
POL 1082,Ashley Jacobs,Male,34,Health,20-Sep-2024,20-Sep-2026,429.02,496.51,Rejected,West,Maria,September,2024
POL 1083,Nathan Wallace,Male,61,Travel,30-Jan-2024,29-Jan-2026,3362.46,5132.81,Not Claimed,South,Kyle,January,2024
POL 1084,Alyssa Sanders,Male,59,Travel,09-Sep-2024,09-Sep-2025,1351.72,6083.44,Approved,North,Eric,September,2024
POL 1085,Susan Johnson,Female,42,Auto,13-Mar-2024,13-Mar-2026,1484.39,4666.98,Pending,East,Eric,March,2024
POL 1086,Paul Hoffman,Male,50,Auto,11-Apr-2024,11-Apr-2026,1702.84,1081.05,Not Claimed,North,Eric,April,2024
POL 1087,Jane Lewis,Female,58,Auto,25-Aug-2024,25-Aug-2026,1527.39,7110.94,Approved,West,Eric,August,2024
POL 1088,Sabrina Henry,Male,51,Travel,17-Feb-2024,16-Feb-2025,4085.52,8023.64,Pending,North,Eric,February,2024
POL 1089,Charles Thompson,Male,64,Health,04-Oct-2024,04-Oct-2026,4988.1,2594.26,Pending,South,Christopher,October,2024
POL 1090,Christopher Fleming,Female,65,Health,24-Nov-2024,24-Nov-2025,1912.89,7133.69,Pending,North,Thomas,November,2024
POL 1091,Elizabeth Mckinney,Female,28,Home,01-Aug-2024,01-Aug-2025,1680.79,4707.81,Approved,West,Lisa,August,2024
POL 1092,Patricia York,Female,59,Health,03-Oct-2024,03-Oct-2025,1969.83,7442.1,Approved,South,Christopher,October,2024
POL 1093,Isabella Thompson,Female,41,Auto,20-May-2024,20-May-2026,2479.67,1177.81,Not Claimed,East,Emily,May,2024
POL 1094,David Harris,Female,30,Home,23-Feb-2024,22-Feb-2025,4377.24,3816.69,Approved,South,Charles,February,2024
POL 1095,Troy Ward,Male,27,Travel,10-Aug-2024,10-Aug-2025,1910.55,9871.92,Pending,West,Veronica,August,2024
POL 1096,Linda Arnold,Female,63,Travel,25-Aug-2024,25-Aug-2025,2591.63,6310.33,Rejected,North,Lisa,August,2024
POL 1097,Cameron Sanders,Male,18,Life,05-Oct-2024,05-Oct-2026,1284.1,7735.42,Rejected,South,Jennifer,October,2024
POL 1098,Alicia Hammond,Male,26,Home,15-Nov-2024,15-Nov-2026,3277.39,4033.93,Pending,South,Christopher,November,2024
POL 1099,David Stewart,Male,20,Home,29-Jan-2024,28-Jan-2025,3734.1,9500.69,Approved,West,Christopher,January,2024
POL 1100,Erin Cooper,Male,61,Health,06-Dec-2024,06-Dec-2025,1363.45,8769.85,Approved,West,Maria,December,2024
POL 1101,Andrea Matthews,Male,42,Home,25-Oct-2024,25-Oct-2026,1084.99,8238.44,Approved,North,Jeffrey,October,2024
POL 1102,Ryan Bartlett,Female,64,Home,22-Jan-2024,21-Jan-2026,2338.23,6867.8,Rejected,North,Eric,January,2024
POL 1103,April Torres,Female,40,Travel,03-Mar-2024,03-Mar-2025,4756,9182.05,Pending,East,Charles,March,2024
POL 1104,Jenna Reed,Male,32,Travel,20-Jul-2024,20-Jul-2025,3750.16,5896.93,Rejected,East,Thomas,July,2024
POL 1105,Meghan King,Female,63,Health,03-Sep-2024,03-Sep-2026,4419.76,2557.89,Not Claimed,East,Stephanie,September,2024
POL 1106,Joshua Weber,Male,59,Health,26-Aug-2024,26-Aug-2025,3541.82,4167.76,Pending,East,Andrew,August,2024
POL 1107,Wayne Jackson,Female,48,Travel,13-Aug-2024,13-Aug-2025,3567.4,6303.11,Approved,South,Eric,August,2024
POL 1108,Donna Le,Male,60,Home,23-Aug-2024,23-Aug-2026,3227.15,7007.26,Pending,East,Michelle,August,2024
POL 1109,Sandra Williams,Male,36,Health,01-Dec-2024,01-Dec-2025,2639.37,6090.02,Approved,West,Sabrina,December,2024
POL 1110,Brandon May,Female,63,Life,11-Aug-2024,11-Aug-2026,1053.76,5481.39,Rejected,South,Veronica,August,2024
POL 1111,Jason Armstrong,Female,33,Health,28-Aug-2024,28-Aug-2025,3456.68,9068.8,Pending,West,Lisa,August,2024
POL 1112,Tyler Burton,Male,50,Health,22-Apr-2024,22-Apr-2025,4552.46,6443.37,Pending,North,Charles,April,2024
POL 1113,Kevin Sanchez,Female,47,Health,09-Nov-2024,09-Nov-2025,4121.94,8741.4,Approved,North,Charles,November,2024
POL 1114,Kenneth Jones,Female,45,Health,24-Jan-2024,23-Jan-2025,4300.86,8902.92,Not Claimed,West,Eric,January,2024
POL 1115,Robert Marshall,Male,39,Auto,12-May-2024,12-May-2026,4788.92,2683.09,Not Claimed,North,Catherine,May,2024
POL 1116,Larry Higgins,Female,29,Health,12-Oct-2024,12-Oct-2026,2181.18,4565.39,Pending,South,Sabrina,October,2024
POL 1117,Michael Ross,Female,59,Travel,22-Oct-2024,22-Oct-2025,922.8,7264.11,Rejected,East,Lisa,October,2024
POL 1118,Anna Flores,Female,55,Life,30-Jun-2024,30-Jun-2026,1151.92,3797.51,Approved,East,David,June,2024
POL 1119,Shannon Thomas,Male,48,Life,20-Jan-2024,19-Jan-2025,4471.69,4406.88,Not Claimed,North,Christopher,January,2024
POL 1120,Patrick Gilbert,Female,18,Home,06-Apr-2024,06-Apr-2025,4896.11,6698.44,Approved,East,Sydney,April,2024
POL 1121,Rachel Li,Female,60,Travel,28-Dec-2024,28-Dec-2026,1925.02,6762.96,Pending,West,Emily,December,2024
POL 1122,Larry Hines,Male,18,Travel,12-Jul-2024,12-Jul-2026,4303.79,8694.16,Not Claimed,South,Wendy,July,2024
POL 1123,Steven Koch,Female,33,Auto,12-Jul-2024,12-Jul-2026,536.65,2227.07,Pending,South,Andrew,July,2024
POL 1124,Sierra Wagner,Male,23,Life,03-Apr-2024,03-Apr-2026,4065.93,4480.99,Pending,South,Christopher,April,2024
POL 1125,Michael Williams,Female,25,Life,11-Jul-2024,11-Jul-2025,782.42,4123.39,Not Claimed,East,Charles,July,2024
POL 1126,Megan Chambers,Female,50,Home,20-Apr-2024,20-Apr-2025,3376.6,4562.08,Approved,North,Kathleen,April,2024
POL 1127,Melanie Jordan,Male,32,Life,08-Dec-2024,08-Dec-2026,2932.71,6197.58,Pending,North,Christopher,December,2024
POL 1128,Michael Powell,Female,25,Health,18-Jan-2024,17-Jan-2025,310.33,3551.39,Approved,North,Sabrina,January,2024
POL 1129,Ashley Lee,Male,20,Travel,02-Aug-2024,02-Aug-2026,960.11,7168.56,Pending,East,Lisa,August,2024
POL 1130,Paul Cole,Female,57,Travel,01-Aug-2024,01-Aug-2025,867.51,8521.94,Rejected,South,Charles,August,2024
POL 1131,Veronica Becker,Male,63,Auto,16-Feb-2024,15-Feb-2025,3858.6,465,Not Claimed,South,David,February,2024
POL 1132,Colin Brooks,Female,60,Home,11-May-2024,11-May-2025,4830.12,43.38,Not Claimed,South,Charles,May,2024
POL 1133,Michael Thomas,Female,50,Travel,21-Aug-2024,21-Aug-2025,3733.32,1283.82,Pending,North,Charles,August,2024
POL 1134,Vincent Williams,Female,44,Home,23-Feb-2024,22-Feb-2025,1585.9,9635.94,Approved,South,Jennifer,February,2024
POL 1135,Linda Stone,Male,26,Life,27-Feb-2024,26-Feb-2026,4262.45,5478.06,Approved,West,Catherine,February,2024
POL 1136,Zachary Murphy,Male,31,Home,26-Aug-2024,26-Aug-2026,3527.07,9211.92,Rejected,West,Lucas,August,2024
POL 1137,Phillip Jensen,Female,63,Health,23-Nov-2024,23-Nov-2026,2942.72,5828.06,Pending,North,Christopher,November,2024
POL 1138,Matthew Clayton,Female,18,Home,25-Jul-2024,25-Jul-2025,418.78,1453.27,Not Claimed,West,Thomas,July,2024
POL 1139,Anna Wells,Female,28,Auto,07-Jan-2024,06-Jan-2026,988.21,620.33,Approved,West,Charles,January,2024
POL 1140,Emily Whitney,Male,40,Life,14-Aug-2024,14-Aug-2025,3195.71,6755.26,Rejected,South,Kyle,August,2024
POL 1141,Rachel Wiggins,Male,50,Auto,01-Sep-2024,01-Sep-2025,4654.48,3875.55,Approved,East,Eric,September,2024
POL 1142,Thomas Coffey,Male,65,Auto,31-Oct-2024,31-Oct-2025,3216.64,7809.25,Pending,West,Christopher,October,2024
POL 1143,Beth Perez,Female,55,Home,20-Jan-2024,19-Jan-2025,3947.89,9642.9,Approved,South,Thomas,January,2024
POL 1144,George Fuller,Male,61,Health,28-Aug-2024,28-Aug-2025,4823.63,7350.79,Not Claimed,South,Thomas,August,2024
POL 1145,Omar Underwood,Male,45,Auto,04-Apr-2024,04-Apr-2026,911.31,5839.86,Approved,East,Lisa,April,2024
POL 1146,Stacy Rodriguez,Female,47,Travel,08-Jan-2024,07-Jan-2025,1022.41,3226.3,Not Claimed,North,Christopher,January,2024
POL 1147,Robert Gutierrez,Female,54,Home,20-Mar-2024,20-Mar-2026,642.54,7076.82,Rejected,West,Sabrina,March,2024
POL 1148,Kimberly Knapp,Male,50,Travel,04-Dec-2024,04-Dec-2026,2852.48,4034.17,Approved,West,Thomas,December,2024
POL 1149,Jessica Thornton,Male,60,Auto,20-Jul-2024,20-Jul-2026,1995.75,2184.45,Pending,East,Thomas,July,2024
POL 1150,Mark Bates,Male,60,Auto,23-Jul-2024,23-Jul-2026,1429.64,6422.64,Rejected,East,Christopher,July,2024
POL 1151,Sue Stevens,Female,42,Health,26-Jul-2024,26-Jul-2026,1505.98,7239.76,Not Claimed,North,Charles,July,2024
POL 1152,Michael Ingram,Female,49,Health,06-Oct-2024,06-Oct-2026,4521.92,1925.12,Not Claimed,East,Linda,October,2024
POL 1153,Linda Baker,Male,52,Home,07-Jul-2024,07-Jul-2025,3246.59,2107.81,Rejected,South,James,July,2024
POL 1154,John Grant,Male,31,Home,28-Mar-2024,28-Mar-2026,3338.84,9397.51,Rejected,East,Shelly,March,2024
POL 1155,Toni Wise,Female,63,Auto,30-Sep-2024,30-Sep-2025,711.35,542.68,Approved,East,Lisa,September,2024
POL 1156,Janet Stewart,Male,34,Life,15-May-2024,15-May-2026,2420.29,4044.48,Approved,East,Meghan,May,2024
POL 1157,Sarah Griffith,Female,61,Health,21-Apr-2024,21-Apr-2025,3314.69,6183.49,Not Claimed,East,David,April,2024
POL 1158,Erica James,Female,50,Health,02-Jun-2024,02-Jun-2026,3998.39,3013.51,Not Claimed,North,Sabrina,June,2024
POL 1159,Stephanie Ballard,Female,42,Life,22-Apr-2024,22-Apr-2025,2527.74,5334.68,Rejected,South,Eric,April,2024
POL 1160,Stephanie Miller,Female,58,Travel,24-Dec-2024,24-Dec-2026,3483.26,9141.69,Approved,East,Cindy,December,2024
POL 1161,Jonathan Mendoza,Male,25,Health,19-Mar-2024,19-Mar-2025,2991.78,3940.82,Not Claimed,North,Maria,March,2024
POL 1162,Joseph Hoffman,Male,65,Auto,15-Apr-2024,15-Apr-2025,2239.48,6459.32,Rejected,West,Thomas,April,2024
POL 1163,Christina Matthews,Male,32,Home,04-Apr-2024,04-Apr-2026,1213.33,1813.58,Not Claimed,South,Christopher,April,2024
POL 1164,Rebecca Perez,Male,36,Health,31-Mar-2024,31-Mar-2026,761.55,7255.89,Pending,North,Stephanie,March,2024
POL 1165,Robert Love,Female,26,Travel,09-Feb-2024,08-Feb-2025,1640.14,698.09,Rejected,North,Emily,February,2024
POL 1166,Derrick Oconnell,Female,46,Auto,26-Dec-2024,26-Dec-2026,3559.25,1523.95,Approved,North,Eric,December,2024
POL 1167,Denise Gilmore,Female,28,Health,03-Jul-2024,03-Jul-2026,1457.02,2215.26,Pending,North,Thomas,July,2024
POL 1168,James Maynard,Female,26,Auto,04-May-2024,04-May-2026,2475.39,3587.42,Approved,South,Sabrina,May,2024
POL 1169,Brian Mack,Male,29,Home,10-Sep-2024,10-Sep-2025,4256.43,8587.14,Rejected,West,Sabrina,September,2024
POL 1170,Amanda Sharp,Female,64,Health,29-Dec-2024,29-Dec-2025,4492.89,8495.87,Not Claimed,South,Christopher,December,2024
POL 1171,Sandra Butler,Male,20,Home,21-Nov-2024,21-Nov-2026,2854.31,9987.28,Pending,West,Christopher,November,2024
POL 1172,Samantha Osborn,Female,43,Travel,03-Jun-2024,03-Jun-2026,929.24,5011.23,Not Claimed,South,Ashley,June,2024
POL 1173,Jacob Curry,Female,50,Health,04-Dec-2024,04-Dec-2025,4285.51,8065.4,Rejected,West,Ashley,December,2024
POL 1174,Nancy Smith,Female,28,Travel,08-Aug-2024,08-Aug-2025,3758.82,4835.03,Approved,East,Christopher,August,2024
POL 1175,Sarah Rogers,Male,49,Travel,25-Jun-2024,25-Jun-2025,1542.48,2340.19,Rejected,North,Veronica,June,2024
POL 1176,Amy Snyder,Female,48,Life,30-Dec-2024,30-Dec-2025,487.55,6485.25,Not Claimed,North,Christopher,December,2024
POL 1177,William Nelson,Female,55,Home,10-Nov-2024,10-Nov-2025,2070.3,3785.19,Not Claimed,North,Daniel,November,2024
POL 1178,Francisco Stevens,Female,32,Home,09-Apr-2024,09-Apr-2026,1958.62,8677.19,Pending,South,Jennifer,April,2024
POL 1179,Alexis Rogers,Male,50,Travel,24-Apr-2024,24-Apr-2026,1078.35,770.88,Approved,West,Ashley,April,2024
POL 1180,Katherine Thompson,Male,29,Travel,28-Nov-2024,28-Nov-2026,3129.5,8169.55,Rejected,South,Lisa,November,2024
POL 1181,Richard Patterson,Female,64,Health,07-May-2024,07-May-2026,3473.58,4790.21,Rejected,South,Christopher,May,2024
POL 1182,Elizabeth Lopez,Male,33,Health,24-Feb-2024,23-Feb-2025,2995.39,1611.29,Not Claimed,West,Thomas,February,2024
POL 1183,Shari Smith,Male,28,Auto,28-May-2024,28-May-2025,2728.21,4054.56,Not Claimed,North,Eric,May,2024
POL 1184,Karen Finley,Male,31,Life,27-Apr-2024,27-Apr-2026,4376.32,1705.67,Pending,West,Jeffrey,April,2024
POL 1185,Ashley Green,Male,57,Home,19-May-2024,19-May-2026,1088.29,6855.91,Pending,East,Samantha,May,2024
POL 1186,Bryan Wilson,Male,42,Life,29-Apr-2024,29-Apr-2025,810.28,2023.49,Pending,West,Thomas,April,2024
POL 1187,Gina Leblanc,Male,29,Life,10-Dec-2024,10-Dec-2025,4425.44,5314.3,Not Claimed,East,Andrew,December,2024
POL 1188,Larry Wilson,Female,60,Travel,21-Dec-2024,21-Dec-2025,4515.75,7748.7,Pending,South,Christopher,December,2024
POL 1189,Michael Walker,Female,20,Home,21-Feb-2024,20-Feb-2026,1378.59,8023,Pending,North,Thomas,February,2024
POL 1190,Spencer Zhang,Male,45,Travel,25-May-2024,25-May-2026,2542.56,2325.13,Not Claimed,North,Charles,May,2024
POL 1191,Andrea Ruiz,Female,34,Travel,27-Jul-2024,27-Jul-2025,3633,7894.22,Not Claimed,East,Ashley,July,2024
POL 1192,Margaret Gill,Female,59,Travel,21-Sep-2024,21-Sep-2026,2221.57,1065.83,Pending,North,Ashley,September,2024
POL 1193,Morgan Miller,Female,52,Life,22-Jun-2024,22-Jun-2026,3175.84,9917.99,Pending,West,Lisa,June,2024
POL 1194,Michael Stark,Female,53,Home,13-Feb-2024,12-Feb-2026,1139.98,5590.94,Pending,North,Lisa,February,2024
POL 1195,Amy Wagner,Female,54,Auto,10-Aug-2024,10-Aug-2026,3758.18,8549.99,Not Claimed,West,Thomas,August,2024
POL 1196,Franklin Bond,Female,62,Travel,20-Jun-2024,20-Jun-2025,1307.95,4005.61,Approved,East,Christopher,June,2024
POL 1197,Jamie Aguilar,Male,42,Health,05-Feb-2024,04-Feb-2025,4169.3,4716.69,Pending,East,Christopher,February,2024
POL 1198,Sean Brown,Male,34,Travel,21-Feb-2024,20-Feb-2026,676.19,377.55,Pending,South,Thomas,February,2024
POL 1199,Stephen Brown,Female,63,Home,28-Jun-2024,28-Jun-2025,4744.86,8202.29,Pending,South,Emily,June,2024
POL 1200,Kyle Johnson,Male,30,Home,08-Apr-2024,08-Apr-2026,1215.31,7839.59,Rejected,West,Lisa,April,2024
POL 1201,Julie Lane,Male,41,Travel,18-Jan-2024,17-Jan-2025,4885.54,868.43,Approved,South,Veronica,January,2024
POL 1202,Isabella Weaver,Female,60,Life,24-Jan-2024,23-Jan-2026,3054.58,5177.43,Not Claimed,East,Lisa,January,2024
POL 1203,Cesar Peck,Female,64,Home,13-Jan-2024,12-Jan-2026,1933.13,8155.15,Rejected,West,Sabrina,January,2024
POL 1204,Hector Taylor,Female,43,Home,06-Sep-2024,06-Sep-2025,1527.21,4071.35,Not Claimed,East,Thomas,September,2024
POL 1205,Debbie Fisher,Female,39,Health,12-Dec-2024,12-Dec-2026,4417.73,8131.47,Approved,South,Christopher,December,2024
POL 1206,Molly Knox,Female,54,Life,25-May-2024,25-May-2025,3860.12,9612.39,Pending,South,Christopher,May,2024
POL 1207,Tamara Baxter,Male,48,Health,21-Feb-2024,20-Feb-2026,617.51,6336.62,Rejected,West,Charles,February,2024
POL 1208,Michael White,Female,44,Auto,27-Jul-2024,27-Jul-2025,3593.85,2633.5,Approved,East,Eric,July,2024
POL 1209,David Irwin,Female,61,Auto,20-Nov-2024,20-Nov-2025,2906.39,1784.86,Approved,North,Thomas,November,2024
POL 1210,Andrew Evans,Male,54,Auto,18-Sep-2024,18-Sep-2025,4751.46,6831.07,Rejected,South,Jennifer,September,2024
POL 1211,Roger Gray,Male,33,Travel,30-Mar-2024,30-Mar-2026,1271.86,2027.67,Rejected,North,John,March,2024
POL 1212,Michael Hill,Male,24,Health,30-Dec-2024,30-Dec-2025,3476.32,6634.24,Not Claimed,East,Charles,December,2024
POL 1213,Kathy Johnson,Female,41,Home,13-Sep-2024,13-Sep-2026,2614,9853.61,Approved,South,Charles,September,2024
POL 1214,Katie Stephenson,Male,50,Auto,07-Jan-2024,06-Jan-2026,1343.84,5766.65,Not Claimed,South,John,January,2024
POL 1215,Carlos Wheeler,Female,52,Health,22-Jun-2024,22-Jun-2026,2150.47,6863.39,Rejected,South,Christopher,June,2024
POL 1216,Jacqueline Williams,Male,62,Home,14-Oct-2024,14-Oct-2026,1783.56,84.19,Rejected,South,Sabrina,October,2024
POL 1217,Scott Fernandez,Male,38,Auto,19-Oct-2024,19-Oct-2026,1179.62,2628.49,Approved,South,Michelle,October,2024
POL 1218,Brian Gordon,Female,41,Travel,22-Apr-2024,22-Apr-2026,2292.53,4190.93,Approved,North,Sabrina,April,2024
POL 1219,Sabrina Johnston,Female,35,Life,12-Aug-2024,12-Aug-2025,2985.63,9792.72,Rejected,East,Christopher,August,2024
POL 1220,Emily Flores,Female,33,Home,27-Apr-2024,27-Apr-2026,4324.65,1960.63,Rejected,South,Lisa,April,2024
POL 1221,Valerie Boyd,Male,29,Life,09-Jun-2024,09-Jun-2026,932.02,8932.7,Approved,South,Ashley,June,2024
POL 1222,Bruce Fry,Female,34,Home,07-Dec-2024,07-Dec-2025,2172.49,6905.43,Not Claimed,West,Thomas,December,2024
POL 1223,Gregory Shelton,Female,48,Health,03-Aug-2024,03-Aug-2026,3799.59,2597.69,Approved,North,Christopher,August,2024
POL 1224,Teresa David,Female,19,Life,17-Sep-2024,17-Sep-2025,1950.13,6795.86,Rejected,West,Thomas,September,2024
POL 1225,Alice Horton,Female,40,Auto,07-Jun-2024,07-Jun-2026,3941.3,4469.3,Not Claimed,South,Kathleen,June,2024
POL 1226,Nicholas Webster,Female,47,Travel,02-Jul-2024,02-Jul-2025,3310.73,9285.67,Pending,South,John,July,2024
POL 1227,Jeremiah Mathews,Male,23,Travel,26-Feb-2024,25-Feb-2026,1372.62,3168.78,Approved,North,Linda,February,2024
POL 1228,Robin Hart,Female,35,Life,10-Jun-2024,10-Jun-2026,3815.11,5209.36,Pending,South,Kathleen,June,2024
POL 1229,Dennis Sanchez,Male,29,Health,19-Mar-2024,19-Mar-2025,3720.53,6620.23,Not Claimed,West,Mark,March,2024
POL 1230,Christian Cole,Male,43,Health,24-May-2024,24-May-2025,599.82,8786.91,Not Claimed,East,Christopher,May,2024
POL 1231,Jenny Lee,Female,51,Health,14-Apr-2024,14-Apr-2025,1533.53,1552.74,Pending,North,Christopher,April,2024
POL 1232,Cassidy Williams,Male,33,Auto,29-Jan-2024,28-Jan-2026,3244.46,1312.77,Rejected,East,Eric,January,2024
POL 1233,Kathleen Ramsey,Male,60,Auto,05-Aug-2024,05-Aug-2026,4361.93,4671.93,Approved,South,Thomas,August,2024
POL 1234,Jason Meadows,Male,62,Home,27-Apr-2024,27-Apr-2025,3076.91,4565.43,Pending,North,Christopher,April,2024
POL 1235,Alexis Giles,Female,48,Home,14-Oct-2024,14-Oct-2025,4082.13,4418.6,Approved,South,David,October,2024
POL 1236,Yvonne Mendoza,Female,27,Auto,04-Apr-2024,04-Apr-2025,300.43,8153.8,Rejected,North,Stephanie,April,2024
POL 1237,Jane Sanders,Female,48,Home,02-Apr-2024,02-Apr-2025,3532.52,4919.32,Pending,North,Cindy,April,2024
POL 1238,Kimberly James,Male,45,Auto,26-Jul-2024,26-Jul-2025,4044.81,5482.12,Rejected,South,Sabrina,July,2024
POL 1239,Kyle Ward,Female,43,Travel,08-Dec-2024,08-Dec-2025,3660.21,6459.91,Pending,West,Shelly,December,2024
POL 1240,Corey Zavala,Female,23,Life,01-Jul-2024,01-Jul-2025,2728.07,7999.59,Approved,North,Kathleen,July,2024
POL 1241,Luke Harris,Female,44,Travel,01-May-2024,01-May-2025,1157.31,2895.95,Pending,South,Veronica,May,2024
POL 1242,Anna Walker,Female,62,Home,26-Feb-2024,25-Feb-2026,1182.61,193.95,Not Claimed,East,Wendy,February,2024
POL 1243,Angela Silva,Male,24,Auto,06-Oct-2024,06-Oct-2026,887.68,4384.17,Not Claimed,West,Sydney,October,2024
POL 1244,Elijah Rivera,Male,27,Health,27-May-2024,27-May-2026,1320.78,4202.43,Pending,North,Ashley,May,2024
POL 1245,John Pierce,Female,62,Health,22-Sep-2024,22-Sep-2026,677.05,7505.7,Rejected,East,Jennifer,September,2024
POL 1246,Kathryn Burns,Female,43,Health,08-Oct-2024,08-Oct-2026,1153.54,8956.99,Approved,South,Maria,October,2024
POL 1247,Tracy Jackson,Male,25,Travel,04-Nov-2024,04-Nov-2026,3924.76,4429.61,Not Claimed,West,Sydney,November,2024
POL 1248,Donald Payne,Female,65,Health,12-Mar-2024,12-Mar-2025,2522.28,6814.42,Approved,North,Sabrina,March,2024
POL 1249,Amber May,Male,58,Health,23-Jan-2024,22-Jan-2025,1490.57,6385.2,Rejected,North,Catherine,January,2024
POL 1250,Mary Jones,Male,60,Travel,13-Nov-2024,13-Nov-2025,1409.04,4341.62,Not Claimed,West,Jennifer,November,2024
POL 1251,Kathy Gutierrez,Female,55,Health,23-Nov-2024,23-Nov-2026,4008.98,89.3,Not Claimed,South,John,November,2024
POL 1252,Carlos Hernandez,Male,41,Health,25-Mar-2024,25-Mar-2025,1041.18,914.02,Approved,East,Cindy,March,2024
POL 1253,Nathaniel Williamson,Male,40,Travel,15-Sep-2024,15-Sep-2025,891.39,2326.75,Approved,South,Kathleen,September,2024
POL 1254,Roberta Hopkins,Male,19,Life,07-Jan-2024,06-Jan-2026,3704.68,2506.96,Not Claimed,South,David,January,2024
POL 1255,Andrea Smith,Female,53,Auto,24-Jul-2024,24-Jul-2026,1191.95,1866.27,Approved,North,Jennifer,July,2024
POL 1256,Amanda Mitchell,Female,35,Home,14-Jul-2024,14-Jul-2025,623.72,1550.25,Approved,North,Lisa,July,2024
POL 1257,Emily Drake,Female,47,Health,19-Dec-2024,19-Dec-2026,3748.19,8829.32,Approved,West,Emily,December,2024
POL 1258,Samantha Warren,Female,64,Health,03-Apr-2024,03-Apr-2026,1192.39,6832.24,Rejected,North,James,April,2024
POL 1259,Alisha Ochoa,Female,44,Auto,13-Apr-2024,13-Apr-2025,752.4,6588.91,Not Claimed,West,Laura,April,2024
POL 1260,Christian Chung,Male,20,Travel,27-Jun-2024,27-Jun-2025,2581.24,987.54,Pending,South,Steven,June,2024
POL 1261,Veronica Perez,Female,21,Auto,22-Sep-2024,22-Sep-2025,3147.98,708.74,Rejected,South,Maria,September,2024
POL 1262,Christopher Frey,Male,47,Health,09-Sep-2024,09-Sep-2026,2922.69,9382.44,Pending,North,Charles,September,2024
POL 1263,Clayton Gray,Male,57,Auto,02-Aug-2024,02-Aug-2025,3751.21,8344.56,Not Claimed,West,Thomas,August,2024
POL 1264,Dana Warner,Male,24,Travel,02-Feb-2024,01-Feb-2026,1190.46,5261.92,Rejected,West,Christopher,February,2024
POL 1265,Ryan Mueller,Female,65,Health,07-Aug-2024,07-Aug-2026,3470.12,7025.5,Pending,East,Jennifer,August,2024
POL 1266,Terri Jacobson,Male,29,Home,22-Dec-2024,22-Dec-2026,2672.06,6575.32,Pending,North,Amy,December,2024
POL 1267,Jason Parrish,Female,53,Auto,10-Dec-2024,10-Dec-2026,2238.01,6332.41,Approved,West,Ashley,December,2024
POL 1268,Joseph Glass,Male,42,Home,22-Sep-2024,22-Sep-2026,1992.04,4524.03,Pending,East,Veronica,September,2024
POL 1269,Rachel Elliott,Male,36,Home,13-Jan-2024,12-Jan-2025,2732.76,9934.12,Approved,East,Sabrina,January,2024
POL 1270,Melissa Smith,Female,32,Travel,21-Mar-2024,21-Mar-2026,402,8219.4,Approved,West,Kathleen,March,2024
POL 1271,Karen Marquez,Male,20,Life,03-Jun-2024,03-Jun-2026,1033.7,2649.88,Rejected,West,Thomas,June,2024
POL 1272,Kevin Elliott,Female,37,Health,08-Aug-2024,08-Aug-2026,2974.61,2174.37,Not Claimed,North,Jennifer,August,2024
POL 1273,Paul Mosley,Female,29,Life,08-May-2024,08-May-2025,3097.59,3003.93,Pending,East,Cindy,May,2024
POL 1274,Jodi Gibbs,Male,39,Auto,24-Sep-2024,24-Sep-2026,2257.65,8678.31,Rejected,East,Jennifer,September,2024
POL 1275,Vincent Mccann,Female,21,Auto,21-Jan-2024,20-Jan-2025,1800.79,5649.13,Approved,West,Charles,January,2024
POL 1276,Jesse Jones,Male,21,Life,23-Aug-2024,23-Aug-2026,3838.35,5752.55,Not Claimed,West,Charles,August,2024
POL 1277,Stephanie Sanders,Female,36,Life,27-Oct-2024,27-Oct-2025,921.29,825.45,Not Claimed,South,Mark,October,2024
POL 1278,Cynthia Bowers,Female,23,Life,23-Jun-2024,23-Jun-2026,3936.98,1303.75,Rejected,South,Samantha,June,2024
POL 1279,Michael Pugh,Male,49,Life,16-Jun-2024,16-Jun-2025,2937.49,9970.79,Rejected,West,Thomas,June,2024
POL 1280,Brenda James,Male,35,Life,26-Oct-2024,26-Oct-2026,3518.27,5760.18,Not Claimed,South,Jennifer,October,2024
POL 1281,Lauren Marquez,Female,41,Auto,01-Feb-2024,31-Jan-2025,1807.47,5938.77,Not Claimed,North,Charles,February,2024
POL 1282,Norman Bowers,Male,40,Home,29-Feb-2024,28-Feb-2026,3228.96,4404.63,Rejected,West,Charles,February,2024
POL 1283,Levi Rodriguez,Female,27,Health,03-Jan-2024,02-Jan-2025,3776.03,2430.48,Rejected,North,Ashley,January,2024
POL 1284,Sean Juarez,Male,39,Health,09-Feb-2024,08-Feb-2026,2415.29,227.48,Rejected,West,David,February,2024
POL 1285,Jacob Cole,Male,52,Home,03-Aug-2024,03-Aug-2026,2879.36,6230.42,Rejected,East,Charles,August,2024
POL 1286,Dakota Davis,Female,55,Home,03-Aug-2024,03-Aug-2025,1500.64,601.1,Rejected,North,Christopher,August,2024
POL 1287,Carly Nguyen,Male,47,Health,29-May-2024,29-May-2025,2126.63,2713.1,Approved,East,Lisa,May,2024
POL 1288,Robert Maxwell,Male,36,Life,08-Oct-2024,08-Oct-2025,4905.03,5085.4,Not Claimed,North,Kathleen,October,2024
POL 1289,Rebecca Spence,Female,56,Home,10-Aug-2024,10-Aug-2025,1176.16,5006.51,Pending,East,Linda,August,2024
POL 1290,Gina Jackson,Male,33,Home,14-Apr-2024,14-Apr-2026,1867.78,3934,Rejected,East,Veronica,April,2024
POL 1291,Trevor Brown,Female,61,Auto,17-Jun-2024,17-Jun-2026,3238.59,2362.05,Approved,East,Eric,June,2024
POL 1292,Kevin Patton,Female,42,Health,20-May-2024,20-May-2026,1360.24,3417.86,Pending,West,Thomas,May,2024
POL 1293,John Weber,Male,64,Life,18-Aug-2024,18-Aug-2025,2261.47,5728.99,Pending,North,Charles,August,2024
POL 1294,Stephen Taylor,Female,46,Home,03-Jan-2024,02-Jan-2025,1271.76,1385.77,Rejected,West,Christopher,January,2024
POL 1295,Martin Oliver,Female,62,Home,08-Nov-2024,08-Nov-2025,2321.3,9090.02,Rejected,West,Michelle,November,2024
POL 1296,Scott Jordan,Female,22,Home,15-Nov-2024,15-Nov-2025,1165.44,8395.23,Rejected,East,Emily,November,2024
POL 1297,Terri Taylor,Female,44,Life,04-May-2024,04-May-2026,2382.12,9337.69,Approved,West,Thomas,May,2024
POL 1298,Heather Mendoza,Male,24,Travel,09-Mar-2024,09-Mar-2025,423.13,9859.56,Approved,West,Sydney,March,2024
POL 1299,Tanya Carter,Male,32,Health,26-Sep-2024,26-Sep-2026,673.53,7798.26,Rejected,South,Sabrina,September,2024
POL 1300,Tammy Casey,Female,29,Life,06-May-2024,06-May-2026,2527.08,1637.86,Rejected,East,Christopher,May,2024
POL 1301,Lisa Long,Female,18,Auto,14-Feb-2024,13-Feb-2026,1346,6713.39,Rejected,West,Kathleen,February,2024
POL 1302,James Osborn,Male,29,Life,10-Mar-2024,10-Mar-2026,3532.95,8667.75,Rejected,South,Christopher,March,2024
POL 1303,Andrea Benton,Female,20,Home,28-Jun-2024,28-Jun-2026,3684.94,3941.51,Not Claimed,East,Christopher,June,2024
POL 1304,Jason Salinas,Female,47,Health,18-Nov-2024,18-Nov-2025,2737.9,3956.11,Not Claimed,South,Michelle,November,2024
POL 1305,Lori Flynn,Male,30,Auto,07-Jun-2024,07-Jun-2026,2170.79,3045.54,Approved,South,Emily,June,2024
POL 1306,Donald Turner,Male,45,Auto,08-Apr-2024,08-Apr-2025,3542.78,9036.76,Pending,South,Amy,April,2024
POL 1307,Jennifer Mccormick,Male,64,Home,29-Jan-2024,28-Jan-2025,1144.93,5854.48,Rejected,South,Thomas,January,2024
POL 1308,Carla Aguilar,Female,38,Life,26-Jul-2024,26-Jul-2025,1140.73,5903.15,Rejected,South,Thomas,July,2024
POL 1309,Samantha Holt,Male,34,Auto,30-Jul-2024,30-Jul-2025,3676.36,1235.44,Not Claimed,South,Kathleen,July,2024
POL 1310,Tanya Miles,Female,23,Home,11-Nov-2024,11-Nov-2026,3716.31,9751.91,Rejected,South,Charles,November,2024
POL 1311,Danielle Miller,Female,20,Travel,25-Oct-2024,25-Oct-2026,2957.81,6595.3,Rejected,West,John,October,2024
POL 1312,Elizabeth Jackson,Male,29,Health,25-Aug-2024,25-Aug-2026,1747.89,7301.62,Pending,North,Thomas,August,2024
POL 1313,Tonya Byrd,Male,25,Travel,04-Jun-2024,04-Jun-2025,316.6,7653.96,Not Claimed,South,Christopher,June,2024
POL 1314,Martin Hogan,Female,49,Home,11-Feb-2024,10-Feb-2025,3157.52,4934.67,Rejected,South,Mark,February,2024
POL 1315,Jonathan Dixon,Female,44,Life,20-Jul-2024,20-Jul-2025,3125.72,65.73,Approved,West,Kathleen,July,2024
POL 1316,Gwendolyn Walker,Male,29,Travel,25-May-2024,25-May-2025,3370.4,367.21,Not Claimed,North,Andrew,May,2024
POL 1317,Kelsey Chapman,Female,23,Health,13-Jul-2024,13-Jul-2025,2259.7,1782.48,Approved,West,Lisa,July,2024
POL 1318,Whitney Webb,Female,65,Home,24-Apr-2024,24-Apr-2026,4677.96,931.26,Approved,North,Sabrina,April,2024
POL 1319,Suzanne Wilson,Female,42,Health,10-Oct-2024,10-Oct-2026,4263.56,649.26,Pending,West,Christian,October,2024
POL 1320,Larry Gibson,Male,62,Auto,21-Mar-2024,21-Mar-2026,2777.15,5246.46,Rejected,East,Christopher,March,2024
POL 1321,Michael Davis,Male,54,Home,07-Oct-2024,07-Oct-2025,2573.22,6886.54,Approved,South,Christopher,October,2024
POL 1322,Luis Evans,Female,34,Home,10-Nov-2024,10-Nov-2026,4657.4,6142.9,Pending,South,Jennifer,November,2024
POL 1323,Andrew Cooper,Female,29,Home,12-Feb-2024,11-Feb-2025,3630.36,9792.58,Not Claimed,East,Jennifer,February,2024
POL 1324,Frank Riggs,Male,47,Health,04-Apr-2024,04-Apr-2025,4057.95,9989.87,Pending,East,Charles,April,2024
POL 1325,Andrea Rivera,Female,40,Home,14-Jun-2024,14-Jun-2025,353.1,2011.87,Approved,North,Kathleen,June,2024
POL 1326,Jesse Sullivan,Male,37,Auto,12-Mar-2024,12-Mar-2026,3905.05,1138.37,Approved,North,Charles,March,2024
POL 1327,Diane Foster,Female,64,Home,13-Oct-2024,13-Oct-2025,4210.6,1940.16,Approved,South,Thomas,October,2024
POL 1328,James Vargas,Female,20,Travel,31-May-2024,31-May-2026,1030.32,4606.18,Approved,South,Linda,May,2024
POL 1329,Jason Ramirez,Female,65,Health,30-Sep-2024,30-Sep-2026,2955.23,6781.98,Not Claimed,West,Jeffrey,September,2024
POL 1330,Bryan Garcia,Female,40,Health,04-Dec-2024,04-Dec-2025,1618.16,311.73,Pending,West,Thomas,December,2024
POL 1331,Michael Gonzalez,Female,29,Home,14-Feb-2024,13-Feb-2025,4363.59,7515.4,Approved,East,Sabrina,February,2024
POL 1332,Michelle Rose,Female,44,Health,05-Sep-2024,05-Sep-2026,4422.13,3715.84,Approved,West,Lisa,September,2024
POL 1333,Paul Long,Female,29,Health,14-Feb-2024,13-Feb-2026,3989.24,7777.9,Not Claimed,South,Sydney,February,2024
POL 1334,Megan Williamson,Male,48,Home,12-Nov-2024,12-Nov-2025,1193.99,9236.37,Approved,North,Emily,November,2024
POL 1335,Lauren Sellers,Male,24,Home,17-Aug-2024,17-Aug-2025,1264.38,365.53,Pending,East,Christopher,August,2024
POL 1336,Dennis Wilson,Male,37,Health,28-Apr-2024,28-Apr-2025,1866.46,8891.86,Not Claimed,North,Christopher,April,2024
POL 1337,Nathaniel Thomas,Male,54,Auto,30-May-2024,30-May-2025,1808.14,1925.46,Approved,North,Kathleen,May,2024
POL 1338,Devin Reyes,Female,60,Health,13-Mar-2024,13-Mar-2026,1001.81,2736.37,Not Claimed,East,Sabrina,March,2024
POL 1339,Amanda Ellison,Male,52,Auto,27-Dec-2024,27-Dec-2026,1573.94,9432.78,Approved,West,Charles,December,2024
POL 1340,Angela Burns,Male,22,Auto,24-Feb-2024,23-Feb-2026,2840.71,507.26,Not Claimed,South,Charles,February,2024
POL 1341,Megan Harvey,Male,24,Life,02-Dec-2024,02-Dec-2025,704.76,3919.17,Pending,North,Jeffrey,December,2024
POL 1342,Albert Taylor,Female,39,Travel,12-Nov-2024,12-Nov-2025,4876.3,7557.43,Pending,West,Kathleen,November,2024
POL 1343,Anna Delgado,Male,62,Life,07-Jun-2024,07-Jun-2025,2441.25,6844.78,Pending,South,Michelle,June,2024
POL 1344,Robert Larsen,Male,32,Travel,08-Jul-2024,08-Jul-2026,4590.45,3920.77,Approved,North,Samantha,July,2024
POL 1345,Ariana Flynn,Female,49,Health,26-Mar-2024,26-Mar-2025,2534.07,3514.41,Pending,West,Eric,March,2024
POL 1346,Joshua Medina,Female,40,Home,06-Mar-2024,06-Mar-2025,2687.36,4056.86,Not Claimed,North,Thomas,March,2024
POL 1347,Ariel Barton,Male,37,Home,11-Jul-2024,11-Jul-2026,2183.84,4134.42,Rejected,West,Thomas,July,2024
POL 1348,Daniel Wilson,Female,42,Health,28-Oct-2024,28-Oct-2026,1278.72,6940.6,Pending,South,Amy,October,2024
POL 1349,Vicki Weaver,Female,52,Travel,20-Oct-2024,20-Oct-2025,3414.28,778.94,Pending,East,Christopher,October,2024
POL 1350,Jennifer Payne,Female,38,Home,14-Jun-2024,14-Jun-2025,4163.51,1761.74,Pending,East,Jennifer,June,2024
POL 1351,Maria Potter,Male,61,Home,25-Apr-2024,25-Apr-2026,1838.82,6449.89,Not Claimed,East,Jeffrey,April,2024
POL 1352,Antonio Baker,Male,26,Home,30-Nov-2024,30-Nov-2025,3858.27,6608.81,Pending,North,Lisa,November,2024
POL 1353,Scott Mcknight,Female,57,Home,28-Oct-2024,28-Oct-2026,1219.63,6815.17,Approved,North,Lisa,October,2024
POL 1354,Jason Rojas,Female,45,Auto,24-Sep-2024,24-Sep-2025,3038.82,6114.91,Pending,West,Christopher,September,2024
POL 1355,Jennifer Chen,Female,21,Auto,05-Mar-2024,05-Mar-2025,303.96,5600.3,Approved,East,Meghan,March,2024
POL 1356,Kristen Li,Female,19,Travel,08-Nov-2024,08-Nov-2026,3600.44,3942.68,Approved,South,Sabrina,November,2024
POL 1357,Michael Campbell,Female,42,Life,28-Jul-2024,28-Jul-2025,3413.69,4748.71,Rejected,South,Lisa,July,2024
POL 1358,Tiffany Carter,Female,44,Travel,10-Aug-2024,10-Aug-2026,4988.04,6700.66,Rejected,East,Eric,August,2024
POL 1359,Michele Duke,Male,59,Health,20-Sep-2024,20-Sep-2025,3690.29,4867.01,Pending,West,Lisa,September,2024
POL 1360,Derek Brady,Male,26,Life,08-Jun-2024,08-Jun-2026,4499.84,6953.91,Pending,West,Samantha,June,2024
POL 1361,Victoria Camacho,Female,50,Life,19-Feb-2024,18-Feb-2026,2108.16,2257.41,Pending,East,Jeffrey,February,2024
POL 1362,David Thomas,Female,64,Travel,05-May-2024,05-May-2026,2230.94,5461.66,Approved,East,Maria,May,2024
POL 1363,Kathleen Lowe,Male,54,Life,09-Jul-2024,09-Jul-2026,831.87,4815.33,Not Claimed,West,Thomas,July,2024
POL 1364,Cynthia Burton,Female,47,Home,25-May-2024,25-May-2025,2759.78,6100.71,Rejected,South,Lisa,May,2024
POL 1365,Cynthia Beard,Male,61,Home,06-Feb-2024,05-Feb-2026,3181.28,9035.85,Not Claimed,South,Thomas,February,2024
POL 1366,Kara Neal,Female,50,Life,06-Dec-2024,06-Dec-2026,2278.78,9605.81,Approved,North,Maria,December,2024
POL 1367,Stephanie Murphy,Male,20,Home,01-Jan-2024,31-Dec-2025,3716.77,5637.06,Not Claimed,South,Charles,January,2024
POL 1368,Melanie Davis,Male,54,Health,27-Jun-2024,27-Jun-2026,4101.81,6243.17,Approved,South,Samantha,June,2024
POL 1369,Heidi Horn,Male,26,Home,05-Nov-2024,05-Nov-2025,4301.79,2778.49,Rejected,North,Lucas,November,2024
POL 1370,Jeffery Jordan,Female,34,Health,23-Mar-2024,23-Mar-2025,3137.96,9101.31,Rejected,South,Mark,March,2024
POL 1371,Marcus Campbell,Female,29,Auto,31-Jul-2024,31-Jul-2025,2579.12,7993.72,Not Claimed,North,Steven,July,2024
POL 1372,Ashlee Washington,Male,27,Home,13-May-2024,13-May-2025,4236.79,7527.61,Pending,South,Christopher,May,2024
POL 1373,Kathryn Williams,Male,60,Life,31-Aug-2024,31-Aug-2025,1291.03,7343.61,Approved,East,Meghan,August,2024
POL 1374,Steve Martinez,Female,25,Health,29-Nov-2024,29-Nov-2025,2480.87,4762.32,Pending,West,Eric,November,2024
POL 1375,Stephen Braun,Female,61,Life,15-Jun-2024,15-Jun-2026,1534.34,5304.42,Pending,East,James,June,2024
POL 1376,Haley Anderson,Female,46,Life,09-Sep-2024,09-Sep-2026,4820.28,6828.76,Not Claimed,East,Jeffrey,September,2024
POL 1377,Nancy Mcdowell,Female,45,Home,06-Feb-2024,05-Feb-2026,1874.35,2670.88,Not Claimed,North,Christopher,February,2024
POL 1378,John Watson,Female,47,Travel,17-Dec-2024,17-Dec-2025,2743.78,6777.18,Rejected,North,Christopher,December,2024
POL 1379,Brett Garrett,Male,61,Health,08-Oct-2024,08-Oct-2025,356.22,976.99,Not Claimed,South,Thomas,October,2024
POL 1380,Jim Rios,Female,32,Auto,30-Sep-2024,30-Sep-2026,1207.47,237,Not Claimed,East,Laura,September,2024
POL 1381,Jason Miller,Male,56,Health,18-Aug-2024,18-Aug-2025,706.02,6046.86,Pending,West,John,August,2024
POL 1382,Erin Smith,Male,62,Travel,27-Sep-2024,27-Sep-2026,1684.47,6604.78,Not Claimed,South,Laura,September,2024
POL 1383,David Dalton,Female,45,Auto,26-Sep-2024,26-Sep-2026,1061.24,739.97,Not Claimed,South,David,September,2024
POL 1384,Chad Reyes,Female,39,Health,10-Oct-2024,10-Oct-2026,4791.35,2646.65,Pending,East,Linda,October,2024
POL 1385,Dakota Richardson,Female,30,Home,26-Apr-2024,26-Apr-2026,1138.68,4920.57,Rejected,South,Cindy,April,2024
POL 1386,Kiara Mullins,Male,57,Health,21-Feb-2024,20-Feb-2026,3662.38,1032.87,Not Claimed,East,Charles,February,2024
POL 1387,Erica Jones,Female,46,Health,06-Aug-2024,06-Aug-2026,999.62,6403.35,Not Claimed,South,Thomas,August,2024
POL 1388,Debra Alexander,Female,27,Auto,07-Oct-2024,07-Oct-2026,3000.81,5153.83,Pending,South,Meghan,October,2024
POL 1389,Kaitlin Gillespie,Female,43,Health,27-Aug-2024,27-Aug-2025,315.54,9541.55,Pending,East,Lisa,August,2024
POL 1390,Michelle Miller,Female,39,Auto,09-Feb-2024,08-Feb-2026,559.41,9970.16,Not Claimed,North,Lisa,February,2024
POL 1391,David Blair,Female,23,Life,16-May-2024,16-May-2026,3344.63,1766.18,Not Claimed,South,Lisa,May,2024
POL 1392,Leonard Taylor,Male,37,Life,17-Apr-2024,17-Apr-2025,3263.9,3592.61,Not Claimed,South,Jennifer,April,2024
POL 1393,John Burke,Male,26,Health,07-Oct-2024,07-Oct-2025,419.21,9963.84,Rejected,South,Christopher,October,2024
POL 1394,Kimberly Vaughn,Female,22,Home,25-Nov-2024,25-Nov-2026,2648.52,9649.54,Pending,East,Meghan,November,2024
POL 1395,Nancy Harris,Male,39,Health,23-Aug-2024,23-Aug-2026,4002.56,428.15,Not Claimed,West,Charles,August,2024
POL 1396,Julie Phillips,Female,61,Home,22-Jan-2024,21-Jan-2025,3782.94,2329.86,Not Claimed,East,Christopher,January,2024
POL 1397,Laura Allen,Male,49,Health,29-May-2024,29-May-2026,4563.74,6183.72,Rejected,West,Charles,May,2024
POL 1398,Victor Wheeler,Male,29,Health,24-Jul-2024,24-Jul-2026,4157.47,972.92,Rejected,East,Lisa,July,2024
POL 1399,Alexander Ward,Male,25,Life,02-May-2024,02-May-2025,596.62,2026.41,Approved,South,David,May,2024
POL 1400,Michelle Carroll,Female,25,Home,21-May-2024,21-May-2025,1811.47,9646.92,Rejected,East,Amy,May,2024
POL 1401,Gerald Ruiz,Male,39,Health,26-Oct-2024,26-Oct-2025,1587.3,7575.5,Rejected,North,Charles,October,2024
POL 1402,Brenda Smith,Male,46,Travel,24-Mar-2024,24-Mar-2025,926.84,7910.52,Pending,West,Charles,March,2024
POL 1403,Bruce Mccormick,Male,49,Health,15-Jul-2024,15-Jul-2025,333.95,9261.37,Approved,South,Kathleen,July,2024
POL 1404,Jennifer Wang,Female,62,Travel,13-Jun-2024,13-Jun-2025,972.51,2709.5,Pending,South,Kathleen,June,2024
POL 1405,Christopher Herrera,Male,29,Home,27-Aug-2024,27-Aug-2025,3102.48,7171.99,Not Claimed,North,Eric,August,2024
POL 1406,Christopher Miller,Female,44,Health,23-Dec-2024,23-Dec-2025,1201.94,9866.04,Not Claimed,North,James,December,2024
POL 1407,Lindsey Herrera,Male,47,Travel,31-May-2024,31-May-2026,549.42,1126.79,Rejected,South,Thomas,May,2024
POL 1408,Kathryn Santos,Female,29,Travel,06-Sep-2024,06-Sep-2025,553.93,3641.93,Rejected,South,Sabrina,September,2024
POL 1409,Holly Blair,Female,39,Home,24-Nov-2024,24-Nov-2026,503.59,7404.17,Rejected,West,John,November,2024
POL 1410,John Middleton,Male,49,Home,15-Feb-2024,14-Feb-2025,633.04,2353,Pending,North,Steven,February,2024
POL 1411,Chelsea Parker,Female,30,Auto,15-Oct-2024,15-Oct-2025,3961.18,3261.32,Not Claimed,West,Sabrina,October,2024
POL 1412,Gregory Smith,Female,30,Life,23-Feb-2024,22-Feb-2025,645.59,5850.92,Not Claimed,South,Eric,February,2024
POL 1413,Frank Benton,Male,31,Home,22-Jul-2024,22-Jul-2026,1136.89,3734.85,Pending,West,Lisa,July,2024
POL 1414,Lynn Green,Female,35,Travel,24-May-2024,24-May-2026,897.9,6922.11,Not Claimed,North,David,May,2024
POL 1415,Kimberly Adams,Male,25,Life,10-Dec-2024,10-Dec-2026,2265.65,7603.4,Rejected,North,David,December,2024
POL 1416,Rachel Rogers,Male,58,Home,15-Jun-2024,15-Jun-2025,3017.17,5527.56,Rejected,East,Thomas,June,2024
POL 1417,Caleb Joseph,Female,51,Life,11-Aug-2024,11-Aug-2025,3080.43,8369.89,Approved,East,Thomas,August,2024
POL 1418,Tyler Dixon,Female,65,Travel,22-Jan-2024,21-Jan-2025,1838.29,5794.67,Rejected,East,Mark,January,2024
POL 1419,Ashley Richardson,Female,20,Health,09-Apr-2024,09-Apr-2026,3747.34,5042.16,Pending,South,Charles,April,2024
POL 1420,Patricia Craig,Female,62,Health,14-Feb-2024,13-Feb-2026,2627.84,830.92,Not Claimed,South,Thomas,February,2024
POL 1421,William Williams,Male,26,Auto,01-Dec-2024,01-Dec-2026,1423.59,9989.52,Not Claimed,South,Thomas,December,2024
POL 1422,Brandon Cox,Female,28,Life,23-Dec-2024,23-Dec-2025,4889.18,4637.61,Rejected,South,Lisa,December,2024
POL 1423,Sarah Mathews,Male,41,Life,02-Aug-2024,02-Aug-2025,4343.8,706.99,Approved,East,Linda,August,2024
POL 1424,Jennifer Rios,Female,45,Auto,28-Mar-2024,28-Mar-2025,4002.15,809.59,Approved,East,Eric,March,2024
POL 1425,Robert Cortez,Female,21,Health,15-Apr-2024,15-Apr-2026,2018.28,6191.33,Approved,North,Meghan,April,2024
POL 1426,Ashley Wilson,Male,59,Home,18-Sep-2024,18-Sep-2025,2935.56,7735.76,Rejected,North,Charles,September,2024
POL 1427,Harry Brock,Male,52,Health,18-Jan-2024,17-Jan-2026,3765.69,7522.77,Rejected,West,Stephanie,January,2024
POL 1428,Casey Marshall,Female,40,Auto,19-Apr-2024,19-Apr-2026,1602.58,633.69,Approved,South,Christopher,April,2024
POL 1429,Lance Miller,Female,50,Home,26-Jun-2024,26-Jun-2025,2509.77,5319.04,Approved,South,Stephanie,June,2024
POL 1430,James Elliott,Female,61,Health,28-Apr-2024,28-Apr-2025,4491.95,4578.74,Not Claimed,South,Charles,April,2024
POL 1431,John Richardson,Male,36,Health,10-Jul-2024,10-Jul-2025,1074.4,1120.25,Rejected,South,Lisa,July,2024
POL 1432,Kimberly Oconnor,Male,31,Home,31-Jul-2024,31-Jul-2025,1677.9,9695.75,Rejected,South,Kathleen,July,2024
POL 1433,John Smith,Female,44,Life,08-Jun-2024,08-Jun-2025,1670.13,629.5,Rejected,North,Andrew,June,2024
POL 1434,Amber Fields,Female,55,Auto,26-Sep-2024,26-Sep-2026,2584.9,6658.55,Pending,South,Eric,September,2024
POL 1435,Stephanie Smith,Female,54,Travel,12-Sep-2024,12-Sep-2026,1107.16,2600.07,Pending,North,Eric,September,2024
POL 1436,Joann Parker,Female,21,Travel,20-Mar-2024,20-Mar-2026,1636.6,9562.14,Rejected,North,Sabrina,March,2024
POL 1437,John Vasquez,Male,29,Travel,24-Jan-2024,23-Jan-2025,1418.16,411.51,Approved,West,Sabrina,January,2024
POL 1438,Douglas Ramirez,Female,34,Auto,18-Jan-2024,17-Jan-2025,1264.23,7071.34,Approved,North,Samantha,January,2024
POL 1439,Phyllis Meyer,Male,41,Life,29-Sep-2024,29-Sep-2025,2808.12,1214.9,Not Claimed,South,Thomas,September,2024
POL 1440,Stephen Adkins,Female,27,Life,13-Aug-2024,13-Aug-2026,1033.45,9701.5,Approved,North,Christopher,August,2024
POL 1441,Dennis Wilkins,Female,36,Home,30-Jan-2024,29-Jan-2025,4058.01,7285.44,Pending,North,Thomas,January,2024
POL 1442,Bryan Bates,Male,64,Life,20-Feb-2024,19-Feb-2025,955.29,5509.6,Approved,East,Thomas,February,2024
POL 1443,Jose Edwards,Female,57,Travel,07-Nov-2024,07-Nov-2026,1979.75,3263.66,Rejected,West,Michelle,November,2024
POL 1444,Marie Nguyen,Female,30,Health,24-Jun-2024,24-Jun-2025,2830.54,4454.58,Not Claimed,South,Emily,June,2024
POL 1445,Charles Harris,Male,49,Auto,29-Oct-2024,29-Oct-2025,4569.7,3610.65,Rejected,South,Christian,October,2024
POL 1446,Daniel Garcia,Female,42,Auto,23-Jun-2024,23-Jun-2025,1637.86,3513.55,Pending,East,Steven,June,2024
POL 1447,Richard Herrera,Male,64,Life,26-Oct-2024,26-Oct-2026,4077.32,2886.34,Pending,South,Sabrina,October,2024
POL 1448,Kyle Baker,Male,55,Home,16-Feb-2024,15-Feb-2025,975.1,3032.31,Approved,East,Christopher,February,2024
POL 1449,Lindsey Torres,Female,23,Health,30-Sep-2024,30-Sep-2026,3302.39,2733.29,Rejected,South,Samantha,September,2024
POL 1450,Billy Huff,Male,30,Travel,07-May-2024,07-May-2026,1660.48,4905.86,Approved,North,Christopher,May,2024
POL 1451,Jennifer Schmitt,Female,53,Life,02-Jun-2024,02-Jun-2025,426.15,24.47,Approved,North,Veronica,June,2024
POL 1452,Erica Green,Female,25,Auto,08-Mar-2024,08-Mar-2026,1143.05,9067.93,Rejected,East,Christopher,March,2024
POL 1453,Richard Chavez,Male,35,Life,17-Oct-2024,17-Oct-2025,3114.79,3617.6,Pending,South,Eric,October,2024
POL 1454,Cody Garcia,Female,58,Life,04-Nov-2024,04-Nov-2025,2054.05,7329.57,Not Claimed,North,Charles,November,2024
POL 1455,Alexander Greer,Male,55,Health,27-Mar-2024,27-Mar-2025,1802.5,8783.17,Rejected,North,David,March,2024
POL 1456,Madison Watson,Male,21,Auto,01-Sep-2024,01-Sep-2026,2271.72,9121.05,Approved,East,Mark,September,2024
POL 1457,Christopher Willis,Female,36,Home,22-Dec-2024,22-Dec-2025,2715.17,7664.42,Rejected,East,Lisa,December,2024
POL 1458,Andrew Brown,Male,52,Auto,16-Dec-2024,16-Dec-2026,4186.06,6849.67,Approved,North,Andrew,December,2024
POL 1459,Lisa Davis,Female,24,Home,25-Nov-2024,25-Nov-2026,4169.58,128.98,Approved,North,Maria,November,2024
POL 1460,Martin Williams,Female,44,Auto,28-Jun-2024,28-Jun-2025,781.36,1545.55,Rejected,West,Sabrina,June,2024
POL 1461,Sandra Hamilton,Male,44,Life,08-Oct-2024,08-Oct-2025,847.86,1312.32,Not Claimed,South,John,October,2024
POL 1462,Anthony Vega,Female,37,Auto,08-Mar-2024,08-Mar-2025,4140.08,8897.26,Approved,West,Thomas,March,2024
POL 1463,Rebekah Hill,Female,19,Health,22-Jun-2024,22-Jun-2025,904.96,6942.44,Rejected,North,Eric,June,2024
POL 1464,Austin Harvey,Male,31,Travel,05-Apr-2024,05-Apr-2025,2296.58,7630.24,Not Claimed,East,Mark,April,2024
POL 1465,Victor Andrade,Male,48,Life,05-Jul-2024,05-Jul-2025,1222.85,327.93,Not Claimed,South,Lisa,July,2024
POL 1466,Joshua Taylor,Male,34,Health,18-Mar-2024,18-Mar-2025,1717.74,102.72,Not Claimed,East,Charles,March,2024
POL 1467,Laura Wright,Male,55,Travel,07-Nov-2024,07-Nov-2025,3451.82,292.59,Rejected,North,Amy,November,2024
POL 1468,Andrew Reyes,Female,40,Travel,04-Oct-2024,04-Oct-2025,2673.07,683.37,Not Claimed,West,Ashley,October,2024
POL 1469,Amy Washington,Male,36,Travel,20-Dec-2024,20-Dec-2025,4875.83,986.86,Rejected,South,Lisa,December,2024
POL 1470,Marc Nelson,Female,62,Home,11-Jan-2024,10-Jan-2025,2366.43,9577.48,Rejected,North,Sabrina,January,2024
POL 1471,Jeffery Huang,Female,45,Travel,29-Oct-2024,29-Oct-2025,2215.62,7614.09,Approved,East,Thomas,October,2024
POL 1472,Lindsey Ruiz,Female,25,Home,18-May-2024,18-May-2025,2630.34,3612.5,Approved,East,Christopher,May,2024
POL 1473,Yvonne Dickson,Male,38,Life,08-Feb-2024,07-Feb-2025,2108.47,4569.46,Approved,South,John,February,2024
POL 1474,John Ferguson,Male,53,Life,03-Nov-2024,03-Nov-2026,4929.32,4279.62,Not Claimed,South,Samantha,November,2024
POL 1475,Brian Davies,Female,29,Health,26-Mar-2024,26-Mar-2026,3458.85,3963.7,Not Claimed,East,Lisa,March,2024
POL 1476,Toni Price,Male,43,Life,29-Dec-2024,29-Dec-2025,3784.73,8924.28,Rejected,East,Jeffrey,December,2024
POL 1477,Megan Thompson,Female,30,Auto,18-Aug-2024,18-Aug-2025,3096.32,9906.61,Not Claimed,West,Cindy,August,2024
POL 1478,Joanna Howard,Female,64,Life,17-Aug-2024,17-Aug-2026,3894.64,7659.72,Approved,South,Thomas,August,2024
POL 1479,Jackie Meza,Female,48,Home,06-Aug-2024,06-Aug-2026,4941.36,5114.15,Rejected,South,Christopher,August,2024
POL 1480,Stacy Copeland,Male,25,Auto,10-Nov-2024,10-Nov-2026,2637.19,6283.71,Rejected,East,Thomas,November,2024
POL 1481,Travis Parker,Male,65,Health,09-Jul-2024,09-Jul-2025,2641.23,267.49,Rejected,South,Thomas,July,2024
POL 1482,Brian Guzman,Female,27,Auto,08-Jan-2024,07-Jan-2025,3872.81,6610.81,Pending,South,Stephanie,January,2024
POL 1483,Aaron Hardin,Male,36,Life,19-Mar-2024,19-Mar-2026,2672.54,5424.38,Not Claimed,East,Andrew,March,2024
POL 1484,Matthew Thompson,Female,25,Life,07-Nov-2024,07-Nov-2026,1778.43,3763.37,Pending,East,Charles,November,2024
POL 1485,Marcus Johnson,Male,29,Home,15-Aug-2024,15-Aug-2026,4458.09,1641.44,Pending,West,Emily,August,2024
POL 1486,Donald Rodriguez,Female,63,Life,23-Jul-2024,23-Jul-2026,3890.85,5688.55,Pending,South,Michelle,July,2024
POL 1487,Susan Brooks,Female,53,Travel,14-Sep-2024,14-Sep-2025,2139.51,4946.91,Pending,North,Jennifer,September,2024
POL 1488,Craig Turner,Female,38,Health,22-Feb-2024,21-Feb-2025,3075.18,1281.98,Approved,North,Andrew,February,2024
POL 1489,Jessica Kim,Male,58,Auto,05-Sep-2024,05-Sep-2026,757.55,3451.43,Approved,South,Kathleen,September,2024
POL 1490,Debra Thompson,Female,21,Travel,06-Aug-2024,06-Aug-2025,1402.72,3121,Not Claimed,East,Christopher,August,2024
POL 1491,Sarah Buchanan,Female,25,Auto,27-Mar-2024,27-Mar-2025,392.65,3261.17,Pending,South,Charles,March,2024
POL 1492,Lisa Gray,Female,35,Health,12-Oct-2024,12-Oct-2026,3063.55,9857.65,Pending,South,Thomas,October,2024
POL 1493,David Daniel,Female,54,Health,29-Sep-2024,29-Sep-2026,770.27,6751.11,Approved,South,Emily,September,2024
POL 1494,Peter Gamble,Female,28,Home,08-Aug-2024,08-Aug-2026,2007.67,4359.91,Pending,East,Linda,August,2024
POL 1495,Carrie Mccall,Male,36,Auto,25-Aug-2024,25-Aug-2025,1697.41,5735.21,Rejected,East,Jeffrey,August,2024
POL 1496,Ariana Zuniga,Male,55,Auto,24-Feb-2024,23-Feb-2026,616.17,8011.86,Pending,South,Mark,February,2024
POL 1497,Christian Reed,Male,40,Health,04-May-2024,04-May-2026,2671.81,2999.09,Approved,West,Michelle,May,2024
POL 1498,Nicole Davis,Female,43,Auto,02-Oct-2024,02-Oct-2026,3456.33,5475.62,Not Claimed,West,Christopher,October,2024
POL 1499,Jessica Rogers,Female,31,Life,05-Jan-2024,04-Jan-2026,4704.67,5327.19,Pending,East,Christopher,January,2024